id,name,title,sourceUrl,date,sensorGeneration,compatibleCameras,parseStatus,settingCount,filmSimulation,dynamicRange,grainEffect,colorChromeEffect,colorChromeFxBlue,whiteBalance,highlight,shadow,color,sharpness,highIsoNr,clarity,iso,exposureCompensation
pro-negative-160c,PRO Negative 160C,PRO Negative 160C - PRO Negative 160C - Fujifilm X100VI Film Simulation Recipe,https://fujixweekly.com/2024/03/27/pro-negative-160c-fujifilm-x100vi-film-simulation-recipe/,"March 27, 2024",X-Trans V,X100VI,ok,14,Reala Ace,DR200,"Weak, Small",Strong,Off,"Auto, +1 Red & -2 Blue",-1,-1,+4,-1,-4,-2,"Auto, up to ISO 6400",0 to +2/3 (typically)
easy-reala-ace,Easy Reala Ace,Easy Reala Ace - Easy Reala Ace - Fujifilm X100VI (X-Trans V) Film Simulation Recipe,https://fujixweekly.com/2024/06/20/easy-reala-ace-fujifilm-x100vi-x-trans-v-film-simulation-recipe/,"June 20, 2024",X-Trans V,X100VI,ok,14,Reala Ace,DR400,"Weak, Small",Strong,Weak,"Auto, 0 Red & 0 Blue",-1,0,0,0,-4,0,"Auto, up to ISO 6400",+1/3 to +1 (typically)
fujifilm-negative,Fujifilm Negative,Fujifilm Negative - Fujifilm Negative - Fujifilm X-T5 (X-Trans V) Film Simulation Recipe,https://fujixweekly.com/2024/10/31/fujifilm-negative-fujifilm-x-t5-x-trans-v-film-simulation-recipe/,"October 31, 2024",X-Trans V,X-T5,ok,14,Reala Ace,DR400,"Weak, Small",Strong,Off,"5000K, 0 Red & -2 Blue",-1,-0.5,+2,-1,-4,-2,"Auto, up to ISO 6400",+1/3 to +1 (typically)
fujicolor-film,Fujicolor Film,Fujicolor Film - Fujicolor Film - Fujifilm X100VI (X-Trans V) Film Simulation Recipe,https://fujixweekly.com/2024/09/18/fujicolor-film-fujifilm-x100vi-x-trans-v-film-simulation-recipe/,"September 18, 2024",X-Trans V,X100VI,ok,14,Reala Ace,DR400,"Strong, Small",Weak,Weak,"5500K, -1 Red & -1 Blue",-1,-0.5,-2,-1,-4,-2,"Auto, up to ISO 6400",+1/3 to +1 (typically)
fujicolor-100-industrial,Fujicolor 100 Industrial,Fujicolor 100 Industrial - Fujicolor 100 Industrial - Fujifilm X100VI (X-Trans V) Film Simulation Recipe,https://fujixweekly.com/2024/04/05/fujicolor-100-industrial-fujifilm-x100vi-x-trans-v-film-simulation-recipe/,"April 5, 2024",X-Trans V,X100VI,ok,14,Reala Ace,DR400,"Weak, Small",Weak,Off,"3100K, +8 Red & -8 Blue",+0.5,+1.5,-1,-1,-4,-2,"Auto, up to ISO 6400",-1/3 to +2/3 (typically)
kodak-gold-max-400-expired,Kodak Gold Max 400 Expired,Kodak Gold Max 400 Expired - Kodak Gold Max 400 Expired - Fujifilm X-Trans V Film Simulation Recipe,https://fujixweekly.com/2024/12/31/kodak-gold-max-400-expired-fujifilm-x-trans-v-film-simulation-recipe/,"December 31, 2024",X-Trans V,"X-T5, X-S20, X100VI, GFX100S II",ok,14,Reala Ace,DR400,"Strong, Large",Strong,Strong,"6700K, +1 Red & +4 Blue",-1.5,+1.5,-2,-2,-4,-3,"Auto, up to ISO 6400",+2/3 to +1 1/3 (typically)
pushed-analog,Pushed Analog,Pushed Analog - Pushed Analog - Fujifilm X-T50 (X-Trans V) Film Simulation Recipe,https://fujixweekly.com/2024/08/29/pushed-analog-fujifilm-x-t50-x-trans-v-film-simulation-recipe/,"August 29, 2024",X-Trans V,"X-T5, X-T50",ok,14,Reala Ace,DR200,"Strong, Small",Strong,Strong,"Fluorescent 1, -3 Red & -2 Blue",+1.5,+2,+4,-1,-4,-3,"Auto, up to ISO 6400",+1/3 to +2/3 (typically)
nostalgia-negative-my-first-fujifilm-x-t5-x-trans-v-film-simulation-recipe,Nostalgia Negative - My First Fujifilm X-T5 (X-Trans V) Film Simulation Recipe!!,Nostalgia Negative - My First Fujifilm X-T5 (X-Trans V) Film Simulation Recipe!! - Nostalgia Negative - My First Fujifilm X-T5 (X-Trans V) Film Simulation Recipe!!,https://fujixweekly.com/2022/11/22/nostalgia-negative-my-first-fujifilm-x-t5-x-trans-v-film-simulation-recipe/,"November 22, 2022",X-Trans V,X-T5,ok,14,Nostalgic Neg.,DR400,"Strong, Small",Strong,Weak,"Daylight, +3 Red & -3 Blue",-1,+1,+4,-1,-4,-3,"Auto, up to ISO 6400",0 to +2/3 (typically)
timeless-negative,Timeless Negative,Timeless Negative - Timeless Negative - Fujifilm X-T5 (X-Trans V) Film Simulation Recipe,https://fujixweekly.com/2022/11/30/timeless-negative-fujifilm-x-t5-x-trans-v-film-simulation-recipe/,"November 30, 2022",X-Trans V,X-T5,ok,14,Nostalgic Neg.,DR400,"Weak, Small",Strong,Off,"Auto, +2 Red & -3 Blue",+2,-2,-3,0,-4,-2,"Auto, up to ISO 6400",-2/3 to +1/3 (typically)
thommy-s-ektachrome,Thommy's Ektachrome,Thommy's Ektachrome - Thommy's Ektachrome - Fujifilm X-T5 (X-Trans V) Film Simulation Recipe,https://fujixweekly.com/2023/03/24/thommys-ektachrome-fujifilm-x-t5-x-trans-v-film-simulation-recipe/,"March 24, 2023",X-Trans V,X-T5,ok,14,Nostalgic Neg.,DR100,"Weak, Small",Weak,Off,"5000K, -1 Red & +3 Blue",+1.5,+1.5,+1,-1,-4,-2,"Auto, up to ISO 6400",+0 to +1/3 (typically)
kodak-vision3-250d-v2,Kodak Vision3 250D v2,Kodak Vision3 250D v2 - Kodak Vision3 250D v2 - Fujifilm X-T5 (X-Trans V) Film Simulation Recipe,https://fujixweekly.com/2023/12/19/kodak-vision3-250d-v2-fujifilm-x-t5-x-trans-v-film-simulation-recipe/,"December 19, 2023",X-Trans V,X-T5,ok,14,Nostalgic Neg.,DR200,"Strong, Small",Strong,Off,"Fluorescent 1, -5 Red & 0 Blue",+4,+3,-1,-2,-4,-2,"Auto, up to ISO 6400",0 to +2/3 (typically)
appalachian-negative,Appalachian Negative,Appalachian Negative - Appalachian Negative - Fujifilm X100VI (X-Trans V) Film Simulation Recipe,https://fujixweekly.com/2024/06/18/appalachian-negative-fujifilm-x100vi-x-trans-v-film-simulation-recipe/,"June 18, 2024",X-Trans V,X100VI,ok,14,Nostalgic Neg.,DR400,"Weak, Large",Strong,Weak,"5200K, +2 Red & -2 Blue",-1.5,0,+4,+2,-4,0,"Auto, up to ISO 6400",+2/3 to +1 1/3 (typically)
agfa-ultra-100-v2,Agfa Ultra 100 v2,Agfa Ultra 100 v2 - Agfa Ultra 100 v2 - Fujifilm X-T5 (X-Trans V) Film Simulation Recipe,https://fujixweekly.com/2024/02/20/agfa-ultra-100-v2-fujifilm-x-t5-x-trans-v-film-simulation-recipe/,"February 20, 2024",X-Trans V,X-T5,ok,14,Nostalgic Neg.,DR400,"Weak, Large",Weak,Weak,"5800K, -3 Red & -3 Blue",+1.5,+1,+3,-2,-4,-2,"Auto, up to ISO 6400",0 to +1 (typically)
creating-your-own-film-simulation-recipe-for-a-unique-look-emulsion-86-a-fujifilm-x-t5-x-trans-v-film-simulation-recipe,"Creating Your Own Film Simulation Recipe for a Unique Look + Emulsion '86, a Fujifilm X-T5 (X-Trans V) Film Simulation Recipe","Creating Your Own Film Simulation Recipe for a Unique Look + Emulsion '86, a Fujifilm X-T5 (X-Trans V) Film Simulation Recipe - Creating Your Own Film Simulation Recipe for a Unique Look + Emulsion '86, a Fujifilm X-T5 (X-Trans V) Film Simulation Recipe",https://fujixweekly.com/2023/01/07/creating-your-own-film-simulation-recipe-for-a-unique-look-emulsion-86-a-fujifilm-x-t5-x-trans-v-film-simulation-recipe/,"January 7, 2023",X-Trans V,X-T5,ok,14,Nostalgic Neg.,DR400,"Strong, Small",Strong,Off,"Daylight, +2 Red & -1 Blue",-2,+2,+4,-2,-4,-3,"Auto, up to ISO 6400",+2/3 to +1-1/3 (typically)
summer-of-1960,Summer of 1960,Summer of 1960 - Summer of 1960 - Fujifilm X-T5 (X-Trans V) Film Simulation Recipe,https://fujixweekly.com/2023/03/22/summer-of-1960-fujifilm-x-t5-x-trans-v-film-simulation-recipe/,"March 22, 2023",X-Trans V,X-T5,ok,14,Nostalgic Neg.,DR400,"Strong, Small",Off,Strong,"5250K, -3 Red & -5 Blue",+4,+2,+3,-4,-4,-3,"Auto, up to ISO 6400",+1/3 to +1 (typically)
1976-kodak,1976 Kodak,1976 Kodak - 1976 Kodak - Fujifilm X-T5 (X-Trans V) Film Simulation Recipe,https://fujixweekly.com/2023/08/03/1976-kodak-fujifilm-x-t5-x-trans-v-film-simulation-recipe/,"August 3, 2023",X-Trans V,X-T5,ok,14,Nostalgic Neg.,DR200,"Strong, Small",Strong,Off,"Auto, -2 Red & -4 Blue",+1.5,+3,+4,-2,-4,-3,"Auto, up to ISO 6400",+1/3 to +1 (typically)
nostalgic-air-a-fujifilm-recipe-for-x-trans-v-cameras,Nostalgic Air - A Fujifilm Recipe for X-Trans V Cameras,Nostalgic Air - A Fujifilm Recipe for X-Trans V Cameras - Nostalgic Air - A Fujifilm Recipe for X-Trans V Cameras,https://fujixweekly.com/2026/04/19/nostalgic-air-a-fujifilm-recipe-for-x-trans-v-cameras/,2026-04-19,X-Trans V,X-E5,ok,14,Nostalgic Neg.,DR-Auto,"Strong, Small",Off,Off,"Auto, +5 Red & -1 Blue",-1,0,+4,-2,-4,-3,"Auto, up to ISO 6400",+2/3 to +1 (typically)
summer-of-59-a-fujifilm-recipe-for-fifth-generation-cameras,Summer of '59 - A Fujifilm Recipe for Fifth-Generation Cameras,Summer of '59 - A Fujifilm Recipe for Fifth-Generation Cameras - Summer of '59 - A Fujifilm Recipe for Fifth-Generation Cameras,https://fujixweekly.com/2026/05/02/summer-of-59-a-fujifilm-recipe-for-fifth-generation-cameras/,2026-05-02,X-Trans V,"X-T5, X100VI",ok,14,Eterna,DR400,"Strong, Small",Weak,Strong,"Auto, +4 Red & -8 Blue",+3,+0.5,0,-1,-4,-3,"Auto, up to ISO 6400",-2/3 to +1/3 (typically)
summer-sun,Summer Sun,Summer Sun - Summer Sun - Fujifilm X-E5 (X-Trans V) Film Simulation Recipe,https://fujixweekly.com/2025/06/27/summer-sun-fujifilm-x-e5-x-trans-v-film-simulation-recipe/,"June 27, 2025",X-Trans V,"X-S20, X100VI, X-E5",ok,14,Reala Ace,DR200,"Strong, Small",Strong,Weak,"7200K, -2 Red & +2 Blue",-1,-2,+4,-1,-4,-3,"Auto, up to ISO 6400",0 to +2/3 (typically)
1970-s-summer,1970's Summer,1970's Summer - 1970's Summer - Fujifilm X-T5 (X-Trans V) Film Simulation Recipe,https://fujixweekly.com/2022/11/27/1970s-summer-fujifilm-x-t5-x-trans-v-film-simulation-recipe/,"November 27, 2022",X-Trans V,X-T5,ok,14,Nostalgic Neg.,DR400,"Strong, Large",Strong,Strong,"6500K, -1 Red & -4 Blue",-2,-0.5,-2,-2,-4,-3,"Auto, up to ISO 6400",+1/3 to +1 (typically)
1971-kodak-a-fujifilm-recipe-for-x-trans-v-cameras,1971 Kodak - A Fujifilm Recipe for X-Trans V Cameras,1971 Kodak - A Fujifilm Recipe for X-Trans V Cameras - 1971 Kodak - A Fujifilm Recipe for X-Trans V Cameras,https://fujixweekly.com/2026/03/25/1971-kodak-a-fujifilm-recipe-for-x-trans-v-cameras/,2026-03-25,X-Trans V,X-T5,ok,14,Nostalgic Neg.,DR100,"Weak, Large",Strong,Weak,"5900K, -1 Red & -6 Blue",+2,-2,-2,-4,-4,-4,"Auto, up to ISO 6400",-1/3 to +1/3 (typically)
nostalgic-americana,Nostalgic Americana,Nostalgic Americana - Nostalgic Americana - Fujifilm X-T5 (X-Trans V) Film Simulation Recipe,https://fujixweekly.com/2024/04/29/nostalgic-americana-fujifilm-x-t5-x-trans-v-film-simulation-recipe/,"April 29, 2024",X-Trans V,X-T5,ok,14,Nostalgic Neg.,DR200,"Strong, Large",Strong,Off,"5800K, -2 Red & -4 Blue",-1,-1.5,-2,-2,-4,-3,"Auto, up to ISO 6400",+1/3 to +2/3 (typically)
kodak-vericolor-vps,Kodak Vericolor VPS,Kodak Vericolor VPS - Kodak Vericolor VPS - Fujifilm X-E5 (X-Trans V) Film Simulation Recipe,https://fujixweekly.com/2025/07/07/kodak-vericolor-vps-fujifilm-x-e5-x-trans-v-film-simulation-recipe/,2025-07-07,X-Trans V,X-E5,ok,14,Nostalgic Neg.,DR400,"Strong, Large",Strong,Strong,"4500K, +2 Red & -5 Blue",-1,+2,+3,-1,-4,-2,"Auto, up to ISO 6400",+1/3 to +1 (typically)
kodak-vericolor-iii-160-a-fujifilm-recipe-for-x-trans-v-cameras,Kodak Vericolor III 160 - A Fujifilm Recipe for X-Trans V Cameras,Kodak Vericolor III 160 - A Fujifilm Recipe for X-Trans V Cameras - Kodak Vericolor III 160 - A Fujifilm Recipe for X-Trans V Cameras,https://fujixweekly.com/2026/02/20/kodak-vericolor-iii-160-a-fujifilm-recipe-for-x-trans-v-cameras/,2026-02-20,X-Trans V,X-T5,ok,14,Nostalgic Neg.,DR-Auto,"Weak, Small",Strong,Strong,"3200K, +7 Red & -8 Blue",-2,-1,+2,-2,-4,-2,"Auto, up to ISO 6400",0 to +2/3 (typically)
kodak-vericolor-warm,Kodak Vericolor Warm,Kodak Vericolor Warm - Kodak Vericolor Warm - Fujifilm X-T5 (X-Trans V) Film Simulation Recipe,https://fujixweekly.com/2022/12/12/kodak-vericolor-warm-fujifilm-x-t5-x-trans-v-film-simulation-recipe/,"December 12, 2022",X-Trans V,X-T5,ok,14,Nostalgic Neg.,DR100,"Weak, Small",Strong,Strong,"3000K, +8 Red & -9 Blue",-2,-1,+2,-2,-4,-2,"Auto, up to ISO 6400",0 to +2/3 (typically)
kodak-negative,Kodak Negative,Kodak Negative - Kodak Negative - Fujifilm X-T5 (X-Trans V) Film Simulation Recipe,https://fujixweekly.com/2022/12/22/kodak-negative-fujifilm-x-t5-x-trans-v-film-simulation-recipe/,"December 22, 2022",X-Trans V,X-T5,ok,14,Nostalgic Neg.,DR400,"Weak, Large",Off,Off,"Auto, +1 Red & -4 Blue",-0.5,+2.5,+4,-1,-4,-3,"Auto, up to ISO 6400",+1/3 to +2/3 (typically)
california-summer,California Summer,California Summer - California Summer - Fujifilm X100VI (X-Trans V) Film Simulation Recipe,https://fujixweekly.com/2024/06/04/california-summer-fujifilm-x100vi-x-trans-v-film-simulation-recipe/,"June 4, 2024",X-Trans V,"X-T5, X100VI, X-T50",ok,14,Nostalgic Neg.,DR400,"Weak, Small",Strong,Weak,"6700K, -1 Red & -6 Blue",-2,-1,+4,-2,-4,-4,"Auto, up to ISO 6400",+2/3 to +1 1/3 (typically)
vibrant-arizona-x-trans-v,Vibrant Arizona,Getting a Wes Anderson Look from your Fujifilm Camera + 4 new Film Simulation Recipes!!!!,https://fujixweekly.com/2023/04/25/getting-a-wes-anderson-look-from-your-fujifilm-camera-4-new-film-simulation-recipes/,"April 25, 2023",X-Trans V,X-T5,ok,12,Classic Chrome,DR-P Strong,"Weak, Small",Off,Weak,"4350K, +6 Red & -8 Blue",,,+4,-2,-4,-3,"Auto, up to ISO 6400",+2/3 to + 1 1/3 (typically)
vibrant-arizona-x-trans-iv,Vibrant Arizona,Getting a Wes Anderson Look from your Fujifilm Camera + 4 new Film Simulation Recipes!!!!,https://fujixweekly.com/2023/04/25/getting-a-wes-anderson-look-from-your-fujifilm-camera-4-new-film-simulation-recipes/,"April 25, 2023",X-Trans IV,X-T5,ok,12,Classic Chrome,DR-P Strong,"Weak, Small",Off,Strong,"4350K, +6 Red & -8 Blue",,,+4,-2,-4,-3,"Auto, up to ISO 6400",+2/3 to + 1 1/3 (typically)
indoor-angouleme-x-trans-v,Indoor Angouleme,Getting a Wes Anderson Look from your Fujifilm Camera + 4 new Film Simulation Recipes!!!!,https://fujixweekly.com/2023/04/25/getting-a-wes-anderson-look-from-your-fujifilm-camera-4-new-film-simulation-recipes/,"April 25, 2023",X-Trans V,X-T5,ok,14,Nostalgic Neg.,DR400,"Weak, Small",Strong,Weak,"Auto Ambience Priority, -2 Red & -6 Blue",-2,-2,-1,-2,-4,-3,"Auto, up to ISO 6400",+2/3 to +1 (typically)
indoor-angouleme-x-trans-iv,Indoor Angouleme,Getting a Wes Anderson Look from your Fujifilm Camera + 4 new Film Simulation Recipes!!!!,https://fujixweekly.com/2023/04/25/getting-a-wes-anderson-look-from-your-fujifilm-camera-4-new-film-simulation-recipes/,"April 25, 2023",X-Trans IV,X-T5,ok,14,Eterna,DR200,"Weak, Small",Strong,Strong,"Auto Ambience Priority, -1 Red & -6 Blue",-1,-1,+4,-2,-4,-3,"Auto, up to ISO 6400",0 to +2/3 (typically)
texas-sun,Texas Sun,Texas Sun - Texas Sun - Fujifilm X-Trans V Film Simulation Recipe,https://fujixweekly.com/2024/12/04/texas-sun-fujifilm-x-trans-v-film-simulation-recipe/,"December 4, 2024",X-Trans V,"X-H2, X-H2S, X100VI",ok,14,Classic Chrome,DR200,"Strong, Small",Strong,Weak,"6500K, +2 Red & -6 Blue",-2,-0.5,+4,-2,-4,0,"Auto, up to ISO 6400",+2/3 to +1 (typically)
pacific-blues,Pacific Blues,Pacific Blues - Pacific Blues - Fujifilm X-T5 (X-Trans V) Film Simulation Recipe,https://fujixweekly.com/2022/12/06/pacific-blues-fujifilm-x-t5-x-trans-v-film-simulation-recipe/,"December 6, 2022",X-Trans V,X-T5,ok,14,Classic Negative,DR400,"Strong, Large",Strong,Weak,"5800K, +1 Red & -3 Blue",-2,+3,+4,-2,-4,-3,"Auto, up to ISO 6400",+2/3 to +1 (typically)
copenhagen-negative-a-fujifilm-recipe-for-fifth-generation-cameras,Copenhagen Negative - A Fujifilm Recipe for Fifth-Generation Cameras,Copenhagen Negative - A Fujifilm Recipe for Fifth-Generation Cameras - Copenhagen Negative - A Fujifilm Recipe for Fifth-Generation Cameras,https://fujixweekly.com/2026/05/18/copenhagen-negative-a-fujifilm-recipe-for-fifth-generation-cameras/,2026-05-18,X-Trans V,"X-E5, GFX100S II, GFX100RF",ok,14,Classic Negative,DR400,"Strong, Small",Weak,Strong,"5700K, +1 Red & +1 Blue",+2.5,-2,+4,-2,-4,-3,"Auto, up to ISO 6400",0 to -2/3 (typically)
fujicolor-super-hg-v2,Fujicolor Super HG v2,Fujicolor Super HG v2 - Fujicolor Super HG v2 - Fujifilm X-T5 (X-Trans V) Film Simulation Recipe,https://fujixweekly.com/2023/07/20/fujicolor-super-hg-v2-fujifilm-x-t5-x-trans-v-film-simulation-recipe/,"July 20, 2023",X-Trans V,X-T5,ok,14,Classic Negative,DR400,"Weak, Large",Weak,Weak,"Auto White Priority, -3 Red & -1 Blue",-1,+1,+2,0,-4,+2,"Auto, up to ISO 6400",+2/3 to +1 (typically)
reggie-s-superia-a-fujifilm-recipe-for-x-trans-iv-v-cameras,Reggie's Superia - A Fujifilm Recipe for X-Trans IV & V Cameras,Reggie's Superia - A Fujifilm Recipe for X-Trans IV & V Cameras - Reggie's Superia - A Fujifilm Recipe for X-Trans IV & V Cameras,https://fujixweekly.com/2026/03/12/reggies-superia-a-fujifilm-recipe-for-x-trans-iv-v-cameras/,2026-03-12,X-Trans V,"X-T5, X-E5",ok,13,Classic Negative,DR-Auto,"Strong, Large",Strong,Strong,"Auto, +1 Red & -3 Blue",-2,-1,+1,-2,-4,0,"Auto, up to ISO 6400",
fujicolor-superia-100,Fujicolor Superia 100,Fujicolor Superia 100 - Fujicolor Superia 100 - Fujifilm X-T5 (X-Trans V) Film Simulation Recipe,https://fujixweekly.com/2023/07/11/fujicolor-superia-100-fujifilm-x-t5-x-trans-v-film-simulation-recipe/,"July 11, 2023",X-Trans V,X-T5,ok,14,Classic Negative,DR-Auto,"Weak, Small",Strong,Off,"Daylight, 0 Red & -1 Blue",-1,-2,+1,-2,-4,-2,"Auto, up to ISO 6400",+1/3 to +2/3 (typically)
reala-ace,Reala Ace,Reala Ace - Reala Ace - Fujifilm X-T5 (X-Trans V) Film Simulation Recipe,https://fujixweekly.com/2023/09/15/reala-ace-fujifilm-x-t5-x-trans-v-film-simulation-recipe/,"September 15, 2023",X-Trans V,X-T5,ok,14,Classic Negative,DR400,"Weak, Small",Strong,Strong,"Auto, -1 Red & +1 Blue",-1.5,-2,+2,0,-4,-2,"Auto, up to ISO 6400",-1/3 to +1 (typically)
fujicolor-reala-100,Fujicolor Reala 100,Fujicolor Reala 100 - Fujicolor Reala 100 - Fujifilm X-T5 (X-Trans V) Film Simulation Recipe,https://fujixweekly.com/2023/09/06/fujicolor-reala-100-fujifilm-x-t5-x-trans-v-film-simulation-recipe/,"September 6, 2023",X-Trans V,X-T5,ok,14,Classic Negative,DR400,"Weak, Small",Strong,Weak,"Daylight, 0 Red & 0 Blue",-1,-1,0,-2,-4,-3,"Auto, up to ISO 6400",0 to +1 (typically)
superia-xtra-400,Superia Xtra 400,Superia Xtra 400 - Superia Xtra 400 - Fujifilm X-T5 (X-Trans V) Film Simulation Recipe,https://fujixweekly.com/2022/12/09/superia-xtra-400-fujifilm-x-t5-x-trans-v-film-simulation-recipe/,"December 9, 2022",X-Trans V,X-T5,ok,14,Classic Negative,DR400,"Strong, Small",Off,Weak,"Auto, +3 Red & -5 Blue",0,-1,+4,-1,-4,-2,"Auto, up to ISO 6400",0 to +1 (typically)
fujicolor-natura-1600,Fujicolor Natura 1600,Fujicolor Natura 1600 - Fujicolor Natura 1600 - Fujifilm X-T5 (X-Trans V) Film Simulation Recipe,https://fujixweekly.com/2024/02/29/fujicolor-natura-1600-fujifilm-x-t5-x-trans-v-film-simulation-recipe/,"February 29, 2024",X-Trans V,X-T5,ok,14,Classic Negative,DR400,"Strong, Large",Strong,Weak,"5500K, -1 Red & -2 Blue",-1.5,+1.5,-2,-2,-4,-4,"Auto, up to ISO 6400",+1/3 to +1 (typically)
fujicolor-superia-1600,Fujicolor Superia 1600,Fujicolor Superia 1600 - Fujicolor Superia 1600 - Fujifilm X-T5 (X-Trans V) Film Simulation Recipe,https://fujixweekly.com/2024/02/25/fujicolor-superia-1600-fujifilm-x-t5-x-trans-v-film-simulation-recipe/,"February 25, 2024",X-Trans V,X-T5,ok,14,Classic Negative,DR400,"Strong, Large",Strong,Weak,"Daylight, +3 Red & +1 Blue",0,+2,-3,-1,-4,-4,"Auto, up to ISO 6400 - for best results: 1600 to 6400",0 to +1 (typically)
classic-amber,Classic Amber,Classic Amber - Classic Amber - Fujifilm X-T5 (X-Trans V) Film Simulation Recipe,https://fujixweekly.com/2025/11/01/classic-amber-fujifilm-x-t5-x-trans-v-film-simulation-recipe/,2025-11-01,X-Trans V,X-T5,ok,14,Classic Negative,DR400,"Weak, Large",Strong,Strong,"Fluorescent 1, +1 Red & -6 Blue",-1.5,+2.5,+4,-2,-4,-3,"Auto, up to ISO 6400",+2/3 to +1 (typically)
kodak-farbwelt-200-expired-a-fujifilm-film-simulation-recipe-for-x-trans-v-cameras,Kodak Farbwelt 200 Expired - A Fujifilm Film Simulation Recipe for X-Trans V Cameras,Kodak Farbwelt 200 Expired - A Fujifilm Film Simulation Recipe for X-Trans V Cameras - Kodak Farbwelt 200 Expired - A Fujifilm Film Simulation Recipe for X-Trans V Cameras,https://fujixweekly.com/2025/12/09/kodak-farbwelt-200-expired-a-fujifilm-film-simulation-recipe-for-x-trans-v-cameras/,2025-12-09,X-Trans V,"X-T5, X-S20, X100VI, X-E5, GFX100S II",ok,14,Classic Chrome,DR100,"Strong, Large",Weak,Strong,"7500K, +1 Red & -4 Blue",-2,-2,-3,-4,-4,-4,"Auto, up to ISO 6400",0 to -1 1/3 (typically)
kodak-portra-160-v2,Kodak Portra 160 v2,Kodak Portra 160 v2 - Kodak Portra 160 v2 - Fujifilm X-T5 (X-Trans V) Film Simulation Recipe,https://fujixweekly.com/2023/11/10/kodak-portra-160-v2-fujifilm-x-t5-x-trans-v-film-simulation-recipe/,"November 10, 2023",X-Trans V,X-T5,ok,12,Classic Chrome,D-Range Priority (DR-P) Auto,"Weak, Small",Weak,Weak,"Daylight, +4 Red & -5 Blue",,,0,-1,-4,-2,"Auto, up to ISO 6400",+1/3 to +1 (typically)
kodak-portra-400-v2,Kodak Portra 400 v2,Kodak Portra 400 v2 - Kodak Portra 400 v2 - Fujifilm X-T5 (X-Trans V) Film Simulation Recipe,https://fujixweekly.com/2022/12/16/kodak-portra-400-v2-fujifilm-x-t5-x-trans-v-film-simulation-recipe/,"December 16, 2022",X-Trans V,X-T5,ok,14,Classic Chrome,DR400,"Strong, Small",Strong,Off,"5200K, +1 Red & -6 Blue",0,-2,+2,-2,-4,-2,"Auto, up to ISO 6400",+1/3 to +1 (typically)
kodak-pro-400,Kodak Pro 400,Kodak Pro 400 - Kodak Pro 400 - Fujifilm X-Trans V Film Simulation Recipe,https://fujixweekly.com/2025/09/06/kodak-pro-400-fujifilm-x-trans-v-film-simulation-recipe/,2025-09-06,X-Trans V,"X-T5, X100VI",ok,14,Reala Ace,DR400,"Strong, Small",Off,Strong,"5200K, +2 Red & -3 Blue",-2,0,+1,-2,-4,-2,"Auto, up to ISO 6400",+1/3 to +1 (typically)
kodak-portra-800-v3,Kodak Portra 800 v3,Kodak Portra 800 v3 - Kodak Portra 800 v3 - Fujifilm X-T5 (X-Trans V) & X-E4 (X-Trans IV) Film Simulation Recipe,https://fujixweekly.com/2024/02/14/kodak-portra-800-v3-fujifilm-x-t5-x-trans-v-x-e4-x-trans-iv-film-simulation-recipe/,"February 14, 2024",X-Trans V,X-T5,ok,14,Classic Chrome,DR400,"Strong, Large",Strong,Off (X-Trans V); Weak (X-Trans IV),"6600K, -1 Red & -3 Blue",-2,-0.5,+3,-2,-4,-3,"Auto, up to ISO 6400",+1/3 to +1 1/3 (typically)
kodak-ultramax-400-a-film-simulation-recipe-for-the-fujifilm-x-t5-x-trans-v,Kodak Ultramax 400 - A Film Simulation Recipe for the Fujifilm X-T5 (X-Trans V),Kodak Ultramax 400 - A Film Simulation Recipe for the Fujifilm X-T5 (X-Trans V) - Kodak Ultramax 400 - A Film Simulation Recipe for the Fujifilm X-T5 (X-Trans V),https://fujixweekly.com/2023/01/17/kodak-ultramax-400-a-film-simulation-recipe-for-the-fujifilm-x-t5-x-trans-v/,"January 17, 2023",X-Trans V,X-T5,ok,14,Classic Chrome,DR-Auto,"Strong, Large",Weak,Off,"Auto, +1 Red & -5 Blue",+1,+1,+4,0,-4,+3,"Auto, up to ISO 6400",+1/3 to +1 (typically)
kodak-gold-200,Kodak Gold 200,Kodak Gold 200 - Kodak Gold 200 - Fujifilm X-T5 (X-Trans V) Film Simulation Recipe,https://fujixweekly.com/2023/10/24/kodak-gold-200-fujifilm-x-t5-x-trans-v-film-simulation-recipe/,"October 24, 2023",X-Trans V,X-T5,ok,14,Classic Chrome,DR400,"Strong, Small",Weak,Off,"Daylight, +4 Red & -5 Blue",-1.5,+0.5,+3,-2,-4,-2,"Auto, up to ISO 6400",+2/3 to +1 (typically)
kodak-royal-gold-400,Kodak Royal Gold 400,Kodak Royal Gold 400 - Kodak Royal Gold 400 - Fujifilm X-Trans IV & X-Trans V Film Simulation Recipe,https://fujixweekly.com/2024/03/06/kodak-royal-gold-400-fujifilm-x-trans-iv-x-trans-v-film-simulation-recipe/,"March 6, 2024",X-Trans V,X-T5,ok,14,Classic Negative,DR400,"Strong, Small",Strong,"Strong (X-Trans IV), Weak (X-Trans V)","Shade, +3 Red & +5 Blue",-1,+1,+4,-1,-4,-3,"Auto, up to ISO 6400",+1/3 to +2/3 (typically)
classic-color,Classic Color,Classic Color - Classic Color - Fujifilm X-T5 (X-Trans V) and X-E4 (X-Trans IV) Film Simulation Recipe,https://fujixweekly.com/2024/04/22/classic-color-fujifilm-x-t5-x-trans-v-and-x-e4-x-trans-iv-film-simulation-recipe/,"April 22, 2024",X-Trans V,"X-T5, X100VI",ok,14,Classic Chrome,DR400,"Strong, Small",Strong,"Strong (X-Trans IV), Weak (X-Trans V)","5300K, 0 Red & -6 Blue",-0.5,-2,+3,-2,-4,-2,"Auto, up to ISO 6400",0 to +1 (typically)
kodachrome-64,Kodachrome 64,Kodachrome 64 - Kodachrome 64 - Fujifilm X-T5 (X-Trans V) Film Simulation Recipe,https://fujixweekly.com/2022/11/28/kodachrome-64-fujifilm-x-t5-x-trans-v-film-simulation-recipe/,"November 28, 2022",X-Trans V,X-T5,ok,14,Classic Chrome,DR200,"Weak, Small",Strong,Off,"Daylight, +2 Red & -5 Blue",0,+0.5,+2,+1,-4,+3,"Auto, up to ISO 6400",0 to +2/3 (typically)
kodachrome-25,Kodachrome 25,Kodachrome 25 - Kodachrome 25 - Fujifilm X-T5 (X-Trans V) Film Simulation Recipe,https://fujixweekly.com/2023/03/06/kodachrome-25-fujifilm-x-t5-x-trans-v-film-simulation-recipe/,"March 6, 2023",X-Trans V,X-T5,ok,14,Classic Chrome,DR400,Off,Strong,Weak,"Daylight, +2 Red & -4 Blue",+0.5,-0.5,+1,+3,-4,+3,"Auto, up to ISO 1600",0 to +2/3 (typically)
kodacolor-vr-200,Kodacolor VR 200,Kodacolor VR 200 - Kodacolor VR 200 - Fujifilm X-Trans V Film Simulation Recipe,https://fujixweekly.com/2025/04/16/kodacolor-vr-200-fujifilm-x-trans-v-film-simulation-recipe/,"April 16, 2025",X-Trans V,"X-S20, X100VI, GFX100S II",ok,14,Classic Chrome,DR200,"Weak, Large",Strong,Weak,"3000K, +8 Red & -8 Blue",+1.5,+2.5,-4,+1,-4,-2,"Auto, up to ISO 6400",0 to +2/3 (typically)
can-ai-make-a-fujifilm-recipe-kodak-ektachrome-e100vs-two-fujifilm-x-t5-x-trans-v-x-trans-iv-film-simulation-recipes-1,Can AI Make a Fujifilm Recipe? - Kodak Ektachrome E100VS - Two Fujifilm X-T5 (X-Trans V + X-Trans IV) Film Simulation Recipes!!,Can AI Make a Fujifilm Recipe? - Kodak Ektachrome E100VS - Two Fujifilm X-T5 (X-Trans V + X-Trans IV) Film Simulation Recipes!! - Can AI Make a Fujifilm Recipe? - Kodak Ektachrome E100VS - Two Fujifilm X-T5 (X-Trans V + X-Trans IV) Film Simulation Recipes!!,https://fujixweekly.com/2023/04/29/can-ai-make-a-fujifilm-recipe-kodak-ektachrome-e100vs-two-fujifilm-x-t5-x-trans-v-x-trans-iv-film-simulation-recipes/,"April 29, 2023",X-Trans V,"X-H2, X-H2S, X-T5",ok,14,Velvia,DR400,"Strong, Small",Strong,Strong,"Auto, +2 Red & -2 Blue",+1,+1,+2,+1,-2,+1,"Auto, up to ISO 6400",+1/3 to +1 (typically)
can-ai-make-a-fujifilm-recipe-kodak-ektachrome-e100vs-two-fujifilm-x-t5-x-trans-v-x-trans-iv-film-simulation-recipes-2,Can AI Make a Fujifilm Recipe? - Kodak Ektachrome E100VS - Two Fujifilm X-T5 (X-Trans V + X-Trans IV) Film Simulation Recipes!!,Can AI Make a Fujifilm Recipe? - Kodak Ektachrome E100VS - Two Fujifilm X-T5 (X-Trans V + X-Trans IV) Film Simulation Recipes!! - Can AI Make a Fujifilm Recipe? - Kodak Ektachrome E100VS - Two Fujifilm X-T5 (X-Trans V + X-Trans IV) Film Simulation Recipes!!,https://fujixweekly.com/2023/04/29/can-ai-make-a-fujifilm-recipe-kodak-ektachrome-e100vs-two-fujifilm-x-t5-x-trans-v-x-trans-iv-film-simulation-recipes/,"April 29, 2023",X-Trans V,X-T5,ok,14,Velvia,DR200,"Weak, Small",Strong,Strong,"5150K, +3 Red & -3 Blue",+1.5,+0.5,+1,-1,-4,+3,"Auto, up to ISO 6400",-1/3 to +2/3 (typically)
vivid-velvia,Vivid Velvia,Vivid Velvia - Vivid Velvia - Fujifilm X-E5 (X-Trans V) Film Simulation Recipe,https://fujixweekly.com/2025/10/28/vivid-velvia-fujifilm-x-e5-x-trans-v-film-simulation-recipe/,2025-10-28,X-Trans V,X-E5,ok,14,Velvia,DR400,"Weak, Small",Strong,Weak,"Auto Ambience Priority, +1 Red & -3 Blue",-1,-1,+4,+1,-4,+3,"Auto, up to ISO 6400",+1/3 to +1 (typically)
vivid-chrome-a-fujifilm-recipe-for-x-and-gfx-cameras,Vivid Chrome - A Fujifilm Recipe for X and GFX Cameras,Vivid Chrome - A Fujifilm Recipe for X and GFX Cameras - Vivid Chrome - A Fujifilm Recipe for X and GFX Cameras,https://fujixweekly.com/2026/04/13/vivid-chrome-a-fujifilm-recipe-for-x-and-gfx-cameras/,2026-04-13,X-Trans V,"X-E5, GFX100S II, GFX100RF",ok,14,Velvia,DR400,"Weak, Small",Strong,Off,"Daylight, +2 Red & -2 Blue",-1,-0.5,+2,-2,-4,+3,"Auto, up to ISO 6400",+1/3 to +1 (typically)
fujifilm-recipe-provia-positive,Fujifilm Recipe: Provia Positive,Fujifilm Recipe: Provia Positive - Fujifilm Recipe: Provia Positive,https://fujixweekly.com/2026/05/27/fujifilm-recipe-provia-positive/,2026-05-27,X-Trans V,"X-T5, X-E5, GFX100RF",ok,14,Provia/STD,DR400,"Strong, Small",Strong,Strong,"Auto White Priority, +2 Red & -3 Blue",-1,+1,+4,-1,-4,+2,"Auto, up to ISO 6400",+1/3 to +1 (typically)
cinestill-400d-v1-a-fujifilm-x-trans-iv-v-film-simulation-recipe,CineStill 400D v1 - A Fujifilm X-Trans IV & V Film Simulation Recipe,CineStill 400D v1 - A Fujifilm X-Trans IV & V Film Simulation Recipe - CineStill 400D v1 - A Fujifilm X-Trans IV & V Film Simulation Recipe,https://fujixweekly.com/2023/01/17/cinestill-400d-v1-a-fujifilm-x-trans-iv-v-film-simulation-recipe/,"January 17, 2023",X-Trans V,X-T5,ok,14,Astia,DR200,"Strong, Small",Strong,Strong,"Fluorescent 1, -6 Red & -3 Blue",+3,+1,+2,-2,-4,-4,"Auto, up to ISO 6400",-1/3 to +2/3 (typically)
cinestill-400d-v2-a-fujifilm-x-trans-iv-v-film-simulation-recipe,CineStill 400D v2 - A Fujifilm X-Trans IV & V Film Simulation Recipe,CineStill 400D v2 - A Fujifilm X-Trans IV & V Film Simulation Recipe - CineStill 400D v2 - A Fujifilm X-Trans IV & V Film Simulation Recipe,https://fujixweekly.com/2023/01/17/cinestill-400d-v2-a-fujifilm-x-trans-iv-v-film-simulation-recipe/,"January 17, 2023",X-Trans V,X-T5,ok,14,Astia,DR200,"Strong, Small",Strong,Weak,"Fluorescent 1, -2 Red & +4 Blue",-2,0,+2,-2,-4,-4,"Auto, up to ISO 6400",+1/3 to +1 (typically)
pushed-cinestill-800t,Pushed CineStill 800T,Pushed CineStill 800T - Pushed CineStill 800T - Fujifilm X-T5 (X-Trans V) Film Simulation Recipe,https://fujixweekly.com/2023/07/22/pushed-cinestill-800t-fujifilm-x-t5-x-trans-v-film-simulation-recipe/,"July 22, 2023",X-Trans V,X-T5,ok,14,Eterna Bleach Bypass,DR400,"Strong, Large",Strong,Weak,"7700K, -9 Red & +5 Blue",-0.5,+1.5,+3,0,-4,-3,"Auto, up to ISO 6400",-1/3 to +2/3 (typically)
expired-ecn-2-100t,Expired ECN-2 100T,Expired ECN-2 100T - Expired ECN-2 100T - Fujifilm X-Trans IV & X-Trans V Film Simulation Recipe,https://fujixweekly.com/2024/02/01/expired-ecn-2-100t-fujifilm-x-trans-iv-x-trans-v-film-simulation-recipe/,"February 1, 2024",X-Trans V,X-T5,ok,14,Eterna Bleach Bypass,DR400,"Strong, Large",Strong,Strong - Weak for X-Trans V,"6000K, -9 Red & -6 Blue",+0.5,-1,+1,-3,-4,-4,"Auto, up to ISO 6400",0 to +2/3 (typically)
fluorescent-night,Fluorescent Night,Fluorescent Night - Fluorescent Night - Fujifilm X-T5 (X-Trans V) Film Simulation Recipe,https://fujixweekly.com/2023/12/04/fluorescent-night-fujifilm-x-t5-x-trans-v-film-simulation-recipe/,"December 4, 2023",X-Trans V,X-T5,ok,14,Nostalgic Neg.,DR200,"Strong, Small",Strong,Weak,"Fluorescent 2, -8 Red & -1 Blue",-1,-1.5,+4,-2,-4,-3,"Auto, up to ISO 6400",-2/3 to +2/3 (typically)
bewaremyvelvia-a-fujifilm-film-simulation-recipe-for-x-trans-iv-v,BewareMyVelvia - A Fujifilm Film Simulation Recipe for X-Trans IV & V,BewareMyVelvia - A Fujifilm Film Simulation Recipe for X-Trans IV & V - BewareMyVelvia - A Fujifilm Film Simulation Recipe for X-Trans IV & V,https://fujixweekly.com/2026/01/13/bewaremyvelvia-a-fujifilm-film-simulation-recipe-for-x-trans-iv-v/,2026-01-13,X-Trans V,X-T5,ok,14,Velvia,DR200,"Weak, Small",Strong,Strong,"6590K, -9 Red & 0 Blue",+2,+2,+4,+1,-4,0,"Auto, up to ISO 6400",0 to +2/3 (typically)
cinestill-800t,CineStill 800T,CineStill 800T - CineStill 800T - Fujifilm X-Trans V Film Simulation Recipe,https://fujixweekly.com/2024/04/16/cinestill-800t-fujifilm-x-trans-v-film-simulation-recipe/,"April 16, 2024",X-Trans V,"X-T5, X100VI",ok,14,Eterna,DR400,"Strong, Large",Strong,Weak,"Fluorescent 3, -6 Red & -4 Blue",0,+2,+4,-3,-4,-5,"Auto, up to ISO 6400",-1/3 to +2/3 (typically)
redscale,RedScale,RedScale - RedScale - Fujifilm X-Trans IV & V Film Simulation Recipe,https://fujixweekly.com/2025/02/18/redscale-fujifilm-x-trans-iv-v-film-simulation-recipe/,"February 18, 2025",X-Trans V,"X100VI, GFX100S II",ok,14,Classic Negative,DR200,"Strong, Small",Strong,Off,"10000K, +9 Red & -9 Blue",0,+2,+4,-2,-4,-3,"Auto, up to ISO 6400",0 to +2/3 (typically)
vintage-bronze,Vintage Bronze,Vintage Bronze - Vintage Bronze - Fujifilm X-T5 (X-Trans V) Film Simulation Recipe,https://fujixweekly.com/2023/01/13/vintage-bronze-fujifilm-x-t5-x-trans-v-film-simulation-recipe/,"January 13, 2023",X-Trans V,X-T5,ok,14,Eterna Bleach Bypass,DR200,"Weak, Large",Off,Off,"Daylight, +6 Red & -8 Blue",0,-1,0,-2,-4,-2,"Auto, up to ISO 6400",-2/3 to 0 (typically)
expired-kodak-vision2-250d-a-film-simulation-recipe-for-fujifilm-x-trans-iv-x-trans-v-cameras,Expired Kodak Vision2 250D - A Film Simulation Recipe for Fujifilm X-Trans IV & X-Trans V Cameras,Expired Kodak Vision2 250D - A Film Simulation Recipe for Fujifilm X-Trans IV & X-Trans V Cameras - Expired Kodak Vision2 250D - A Film Simulation Recipe for Fujifilm X-Trans IV & X-Trans V Cameras,https://fujixweekly.com/2025/12/23/expired-kodak-vision2-250d-a-film-simulation-recipe-for-fujifilm-x-trans-iv-x-trans-v-cameras/,2025-12-23,X-Trans V,X-T5,ok,11,Eterna Bleach Bypass,,"Weak, Small",Strong,Off (X-Trans V); Weak (X-Trans IV),"8700K, -4 Red & -3 Blue",,,-2,-2,-4,-2,"Auto, up to ISO 6400",-1/3 to +2/3 (typically)
vintage-eterna-1,Vintage Eterna,"Vintage Eterna - Vintage Eterna - Fujifilm X-Trans V, X-Trans IV, & X-H1 Film Simulation Recipes",https://fujixweekly.com/2024/02/05/vintage-eterna-fujifilm-x-trans-v-x-trans-iv-x-h1-film-simulation-recipes/,"February 5, 2024",X-Trans V,,ok,12,Eterna,DR100,Strong,Off or N/A,,"Auto, +2 Red & -5 Blue",+3,-1,+2,-1,-4,,"Auto, up to ISO 6400",-2/3 to 0 (typically)
vintage-eterna-2,Vintage Eterna,"Vintage Eterna - Vintage Eterna - Fujifilm X-Trans V, X-Trans IV, & X-H1 Film Simulation Recipes",https://fujixweekly.com/2024/02/05/vintage-eterna-fujifilm-x-trans-v-x-trans-iv-x-h1-film-simulation-recipes/,"February 5, 2024",X-Trans V,,ok,14,Eterna,DR100,"Strong, Large",Off,Strong,"Auto, +2 Red & -5 Blue",+3,-1,+2,-1,-4,-2,"Auto, up to ISO 6400",-2/3 to 0 (typically)
vintage-eterna-3,Vintage Eterna,"Vintage Eterna - Vintage Eterna - Fujifilm X-Trans V, X-Trans IV, & X-H1 Film Simulation Recipes",https://fujixweekly.com/2024/02/05/vintage-eterna-fujifilm-x-trans-v-x-trans-iv-x-h1-film-simulation-recipes/,"February 5, 2024",X-Trans V,X-T5,ok,14,Eterna,DR100,"Strong, Large",Off,Weak,"Auto, +2 Red & -5 Blue",+3,-1,+2,-1,-4,-2,"Auto, up to ISO 6400",-2/3 to 0 (typically)
vintage-cinema,Vintage Cinema,Vintage Cinema - Vintage Cinema - Fujifilm X-T5 (X-Trans V) Film Simulation Recipe,https://fujixweekly.com/2024/06/07/vintage-cinema-fujifilm-x-t5-x-trans-v-film-simulation-recipe/,"June 7, 2024",X-Trans V,"X-T5, X100VI",ok,14,Nostalgic Neg.,DR400,"Strong, Small",Strong,Off,"4900K, +3 Red & +3 Blue",+3,-2,-1,-2,-4,-4,"Auto, up to ISO 6400",-1/3 to -2 (typically)
1960-chrome,1960 Chrome,1960 Chrome - 1960 Chrome - Fujifilm X-T5 (X-Trans V) & X-E4 (X-Trans IV) Film Simulation Recipe,https://fujixweekly.com/2024/07/15/1960-chrome-fujifilm-x-t5-x-trans-v-x-e4-x-trans-iv-film-simulation-recipe/,"July 15, 2024",X-Trans V,X-T5,ok,14,Eterna Bleach Bypass,DR400,"Strong, Large",Strong,Off (X-Trans V); Weak (X-Trans IV),"Fluorescent 1, -2 Red & -4 Blue",-2,-1,+2,-1,-4,-2,"Auto, up to ISO 6400",+1/3 to +1 (typically)
eterna-summer,Eterna Summer,Eterna Summer - Eterna Summer - Fujifilm X-Trans IV & X-Trans V Film Simulation Recipe,https://fujixweekly.com/2024/04/08/eterna-summer-fujifilm-x-trans-iv-x-trans-v-film-simulation-recipe/,"April 8, 2024",X-Trans V,X-T5,ok,14,Eterna,DR200,"Strong, Small",Strong,Strong (X-Trans IV); Weak (X-Trans V),"Daylight, +3 Red & -7 Blue",+2.5,0,+4,-1,-4,-3,"Auto, up to ISO 6400",-1/3 to +2/3 (typically)
fujifilm-x-t50-film-dial-settings-14-new-film-simulation-recipes-yes-14,"Fujifilm X-T50 Film Dial Settings + 14 New Film Simulation Recipes (Yes, 14!!)","Fujifilm X-T50 Film Dial Settings + 14 New Film Simulation Recipes (Yes, 14!!) - Fujifilm X-T50 Film Dial Settings + 14 New Film Simulation Recipes (Yes, 14!!)",https://fujixweekly.com/2024/05/16/fujifilm-x-t50-film-dial-settings-14-new-film-simulation-recipes-yes-14/,"May 16, 2024",X-Trans V,"X-T5, X-T50",ok,14,Any (See Below),DR400,"Weak, Small",Strong,Weak,"Auto White Priority, +2 Red & -4 Blue",-1.5,-1,+3,-1,-4,-2,"Auto, up to ISO 6400",0 to +1 (typically)
universal-negative-14-fujifilm-x100vi-x-trans-v-film-simulation-recipes-yes-14,"Universal Negative - 14 Fujifilm X100VI (X-Trans V) Film Simulation Recipes (Yes, 14!!)","Universal Negative - 14 Fujifilm X100VI (X-Trans V) Film Simulation Recipes (Yes, 14!!) - Universal Negative - 14 Fujifilm X100VI (X-Trans V) Film Simulation Recipes (Yes, 14!!)",https://fujixweekly.com/2025/03/28/universal-negative-14-fujifilm-x100vi-x-trans-v-film-simulation-recipes-yes-14/,"March 28, 2025",X-Trans V,X100VI,ok,14,Any (See Below),DR400,"Strong, Small",Strong,Strong,"4000K, 0 Red & -5 Blue",0,-2,-2,-2,-4,0,"Auto, up to ISO 6400",-1/3 to +2/3 (typically)
ilford-fp4-plus-125,Ilford FP4 Plus 125,Ilford FP4 Plus 125 - Ilford FP4 Plus 125 - Fujifilm X-T5 (X-Trans V + X-Trans IV) Film Simulation Recipe,https://fujixweekly.com/2022/12/28/ilford-fp4-plus-125-fujifilm-x-t5-x-trans-v-x-trans-iv-film-simulation-recipe/,"December 28, 2022",X-Trans V,X-T5,ok,13,Monochrome,DR200,"Weak, Large",Off,Off,"Daylight, +6 Red & -8 Blue",-0.5,-1.5,,0,-4,+2,"Auto, up to ISO 6400",-1 to -1/3 (typically)
kodak-plus-x-125,Kodak Plus-X 125,Kodak Plus-X 125 - Kodak Plus-X 125 - Fujifilm X-Trans IV & X-Trans V Film Simulation Recipe,https://fujixweekly.com/2025/09/21/kodak-plus-x-125-fujifilm-x-trans-iv-x-trans-v-film-simulation-recipe/,2025-09-21,X-Trans V,"X-T5, X100VI, GFX100S II",ok,13,"Acros (including +Ye, +R, or +G)",DR200,"Weak, Large",Strong,Off,"Daylight, +9 Red & +9 Blue",-1,+1,,-1,-4,+2,"Auto, up to ISO 6400",-1/3 to -2/3 (typically)
kodak-t-max-100-soft-tone-a-film-simulation-recipe-for-fujifilm-x-trans-iv-x-trans-v-cameras-part-2,Kodak T-Max 100 Soft Tone - A Film Simulation Recipe for Fujifilm X-Trans IV & X-Trans V Cameras (Part 2),Kodak T-Max 100 Soft Tone - A Film Simulation Recipe for Fujifilm X-Trans IV & X-Trans V Cameras (Part 2) - Kodak T-Max 100 Soft Tone - A Film Simulation Recipe for Fujifilm X-Trans IV & X-Trans V Cameras (Part 2),https://fujixweekly.com/2024/10/07/kodak-t-max-100-soft-tone-a-film-simulation-recipe-for-fujifilm-x-trans-iv-x-trans-v-cameras-part-2/,"October 7, 2024",X-Trans V,"X-T5, X100VI",ok,13,Monochrome+G,DR200,"Weak, Large",Off,Off,"Daylight, -6 Red & -3 Blue",-0.5,+1.5,,-1,-4,-1,up to ISO 6400,-2/3 to +2/3 (typically)
kodak-t-max-100-hard-tone-a-film-simulation-recipe-for-fujifilm-x-trans-iv-x-trans-v-cameras-part-1,Kodak T-Max 100 Hard Tone - A Film Simulation Recipe for Fujifilm X-Trans IV & X-Trans V Cameras (Part 1),Kodak T-Max 100 Hard Tone - A Film Simulation Recipe for Fujifilm X-Trans IV & X-Trans V Cameras (Part 1) - Kodak T-Max 100 Hard Tone - A Film Simulation Recipe for Fujifilm X-Trans IV & X-Trans V Cameras (Part 1),https://fujixweekly.com/2024/10/04/kodak-t-max-100-hard-tone-a-film-simulation-recipe-for-fujifilm-x-trans-iv-x-trans-v-cameras-part-1/,"October 4, 2024",X-Trans V,"X-T5, X100VI",ok,13,Monochrome+G,DR200,"Weak, Large",Off,Off,"Daylight, -6 Red & -3 Blue",+0.5,+2.5,,-1,-4,-1,up to ISO 6400,-2/3 to +2/3 (typically)
kodak-t-max-p3200-a-fujifilm-film-simulation-recipe-for-x-trans-iv-v,Kodak T-Max P3200 - A Fujifilm Film Simulation Recipe for X-Trans IV & V,Kodak T-Max P3200 - A Fujifilm Film Simulation Recipe for X-Trans IV & V - Kodak T-Max P3200 - A Fujifilm Film Simulation Recipe for X-Trans IV & V,https://fujixweekly.com/2023/05/18/kodak-t-max-p3200-a-fujifilm-film-simulation-recipe-for-x-trans-iv-v/,"May 18, 2023",X-Trans V,X-T5,ok,13,"Acros (or Acros+Y, Acros+R, Acros+G)",DR400,"Strong, Large",Off,Off,"5500K, +4 Red & +7 Blue",+1,+3,,+2,-4,+1,up to ISO 12800,0 to +2/3 (typically)
agfa-scala,Agfa Scala,Agfa Scala - Agfa Scala - Fujifilm Recipe for X-Trans V Cameras,https://fujixweekly.com/2026/02/27/agfa-scala-fujifilm-recipe-for-x-trans-v-cameras/,2026-02-27,X-Trans V,"X-T5, X-E5, GFX100RF",ok,13,"Acros (including +Ye, +R, or +G)",DR100,"Weak, Small",Off,Off,"Auto, 0 Red & 0 Blue",+4,0,,+1,-4,+2,"Auto, up to ISO 6400",-1/3 to +1/3 (typically)
classic-b-w-film-simulation-recipe,Classic B&W Film Simulation Recipe,Classic B&W Film Simulation Recipe - Classic B&W Film Simulation Recipe,https://fujixweekly.com/2025/08/03/classic-bw-film-simulation-recipe/,2025-08-03,X-Trans V,"X100VI, X-E5",ok,13,Acros+G,DR200,"Strong, Large",Off,Off,"Incandescent, -9 Red & +9 Blue",+3,+4,,+1,-4,+3,"Auto, up to ISO 12800",0 to +2/3 (typically)
frgmt-b-w-a-fujifilm-film-simulation-recipe-by-hiroshi-fujiwara,FRGMT B&W - A Fujifilm Film Simulation Recipe by Hiroshi Fujiwara,FRGMT B&W - A Fujifilm Film Simulation Recipe by Hiroshi Fujiwara - FRGMT B&W - A Fujifilm Film Simulation Recipe by Hiroshi Fujiwara,https://fujixweekly.com/2025/12/04/frgmt-bw-a-fujifilm-film-simulation-recipe-by-hiroshi-fujiwara/,2025-12-04,X-Trans V,"X-T5, X-E5, GFX100S II",ok,13,"Acros (including +Ye, +R, or +G)",DR-Auto,"Strong, Large",Off,Off,"Auto, 0 Red & 0 Blue",+4,+2,,-4,-4,+5,"Auto, up to ISO 12800",0 to +2/3 (typically) - Hiroshi says +1/3
